before table->

mysql> select * from patient;
+------------+--------------+-----------------+----------------+-----------------+--------------------+------------------------+
| patient_id | patient_name | patient_address | patient_gender | patient_disease | patient_email_id   | patient_contact_number |
+------------+--------------+-----------------+----------------+-----------------+--------------------+------------------------+
|          1 | Harshada     | Saswad          | Female         | Cold            | Harshada@gmail.com | 906776                 |
|          2 | Harsha       | Pune            | Female         | Cold            | Harsha@gmail.com   | 906776                 |
+------------+--------------+-----------------+----------------+-----------------+--------------------+------------------------+
2 rows in set (0.01 sec)

----------------------------------------------------------------------------------------------------------------------------------
after save->

mysql> select * from patient;
+------------+--------------+-----------------+----------------+-----------------+--------------------+------------------------+
| patient_id | patient_name | patient_address | patient_gender | patient_disease | patient_email_id   | patient_contact_number |
+------------+--------------+-----------------+----------------+-----------------+--------------------+------------------------+
|          1 | Harshada     | Saswad          | Female         | Cold            | Harshada@gmail.com | 906776                 |
|          2 | Harsha       | Pune            | Female         | Cold            | Harsha@gmail.com   | 906776                 |
|          3 | Harsha       | Saswad          | Female         | cold            | Harsha20@gmail.com | 86005                  |
+------------+--------------+-----------------+----------------+-----------------+--------------------+------------------------+
2 rows in set (0.01 sec)
--------------------------------------------------------------------------------------------------------------------------------------------
after update->

mysql> select * from patient;
+------------+--------------+-----------------+----------------+-----------------+--------------------+------------------------+
| patient_id | patient_name | patient_address | patient_gender | patient_disease | patient_email_id   | patient_contact_number |
+------------+--------------+-----------------+----------------+-----------------+--------------------+------------------------+
|          1 | HarshadaVC   | Saswad          | Female         | Cold            | Harshada@gmail.com | 906776                 |
|          2 | Harsha       | Pune            | Female         | Cold            | Harsha@gmail.com   | 906776                 |
|          3 | Harsha       | Saswad          | Female         | cold            | Harsha20@gmail.com | 86005                  |
+------------+--------------+-----------------+----------------+-----------------+--------------------+------------------------+
2 rows in set (0.01 sec)
----------------------------------------------------------------------------------------------------------------------------------------
after delete->

mysql> select * from patient;
+------------+--------------+-----------------+----------------+-----------------+--------------------+------------------------+
| patient_id | patient_name | patient_address | patient_gender | patient_disease | patient_email_id   | patient_contact_number |
+------------+--------------+-----------------+----------------+-----------------+--------------------+------------------------+
|          2 | Harsha       | Pune            | Female         | Cold            | Harsha@gmail.com   | 906776                 |
|          3 | Harsha       | Saswad          | Female         | cold            | Harsha20@gmail.com | 86005                  |
+------------+--------------+-----------------+----------------+-----------------+--------------------+------------------------+
2 rows in set (0.01 sec)


---------------------------------------------------------------------------------------------------------------------------------------------------------------------------------------
----------------------------------------------------------------------------------------------------------------------------------------------------------
before table->

mysql> select * from doctor;
+-----------+-------------+--------------------+---------------+-------------------+----------------+--------------------+-----------------------+
| Doctor_id | Doctor_name | Doctor_designation | Doctor_degree | Doctor_experience | Doctor_address | Doctor_email_id    | Doctor_contact_number |
+-----------+-------------+--------------------+---------------+-------------------+----------------+--------------------+-----------------------+
|         1 | Poonam      | Surgery            | MBBS          |                 2 | Saswad         | poonam@gmail.com   | 72620                 |
|         2 | Prasad      | Surgery            | MD            |                 2 | Saswad         | prasad@gmail.com   | 72620                 |
+-----------+-------------+--------------------+---------------+-------------------+----------------+--------------------+-----------------------+
2 rows in set (0.01 sec)

--------------------------------------------------------------------------------------------------------------------------------------------------------------
after save->

mysql> select * from doctor;
+-----------+-------------+--------------------+---------------+-------------------+----------------+------------------+-----------------------+
| Doctor_id | Doctor_name | Doctor_designation | Doctor_degree | Doctor_experience | Doctor_address | Doctor_email_id  | Doctor_contact_number |
+-----------+-------------+--------------------+---------------+-------------------+----------------+------------------+-----------------------+
|         1 | Poonam      | Surgery            | MBBS          |                 2 | Saswad         | poonam@gmail.com | 72620                 |
|         2 | Prasad      | Surgery            | MD            |                 4 | Saswad         | prasad@gmail.com | 72620                 |
|         3 | ravi        | Surgery            | BHMS          |                 3 | Saswad         | ravi@gmail.com   | 72620                 |
+-----------+-------------+--------------------+---------------+-------------------+----------------+------------------+-----------------------+
3 rows in set (0.01 sec)

--------------------------------------------------------------------------------------------------------------------------------------------------------------------
after update->

mysql> select * from doctor;
+-----------+-------------+--------------------+---------------+-------------------+----------------+--------------------+-----------------------+
| Doctor_id | Doctor_name | Doctor_designation | Doctor_degree | Doctor_experience | Doctor_address | Doctor_email_id    | Doctor_contact_number |
+-----------+-------------+--------------------+---------------+-------------------+----------------+--------------------+-----------------------+
|         1 | Poonam      | Surgery            | MBBS          |                 2 | Saswad         | poonam@gmail.com   | 72620                 |
|         2 | Prasad      | Surgery            | MD            |                 5 | Saswad         | prasad20@gmail.com | 860054                |
|         3 | ravi        | Surgery            | BHMS          |                 3 | Saswad         | ravi@gmail.com     | 72620                 |
+-----------+-------------+--------------------+---------------+-------------------+----------------+--------------------+-----------------------+
3 rows in set (0.01 sec)

-----------------------------------------------------------------------------------------------------------------------------------------------------------------------------

mysql> select * from doctor;
+-----------+-------------+--------------------+---------------+-------------------+----------------+--------------------+-----------------------+
| Doctor_id | Doctor_name | Doctor_designation | Doctor_degree | Doctor_experience | Doctor_address | Doctor_email_id    | Doctor_contact_number |
+-----------+-------------+--------------------+---------------+-------------------+----------------+--------------------+-----------------------+
|         1 | Poonam      | Surgery            | MBBS          |                 2 | Saswad         | poonam@gmail.com   | 72620                 |
|         2 | Prasad      | Surgery            | MD            |                 5 | Saswad         | prasad20@gmail.com | 860054                |
+-----------+-------------+--------------------+---------------+-------------------+----------------+--------------------+-----------------------+
2 rows in set (0.01 sec)

